	hit	false_alarm	miss	correct_rejection	aprime	name	number_images
trm_557b4b3a6a34d	0.0752688172043	0.161290322581	-0.0752688172043	-0.161290322581	-0.100065757633	visual form recognition	33
trm_4a3fd79d0ba30	0.0645161290323	0.322580645161	-0.0645161290323	-0.322580645161	-0.346585917826	maintenance	15
trm_4c3e05903e4bb	0.0537634408602	0.365591397849	-0.0537634408602	-0.365591397849	-0.180511603376	updating	14
trm_4a3fd79d0a398	0.0430107526882	0.10752688172	-0.0430107526882	-0.10752688172	0.434523809524	form perception	34
trm_4a3fd79d0b58f	0.0430107526882	0.0	-0.0430107526882	0.0	0.0273692810458	word recognition	12
trm_55b6b9d7c9435	0.0430107526882	0.225806451613	-0.0430107526882	-0.225806451613	-0.306359411846	working memory maintenance	12
trm_557b4b9ccdc4a	0.0430107526882	0.0	-0.0430107526882	0.0	0.0273692810458	visual word recognition	12
trm_557b4b154e0d9	0.0322580645161	-0.0322580645161	-0.0322580645161	0.0322580645161	-0.233870967742	visual face recognition	5
trm_4a3fd79d09c5b	0.0322580645161	0.967741935484	-0.0322580645161	-0.967741935484	0.0166666666667	causal inference	3
trm_4a3fd79d0a5ed	0.0322580645161	0.967741935484	-0.0322580645161	-0.967741935484	0.0166666666667	inference	3
trm_557b4993a0fdd	0.0322580645161	0.0537634408602	-0.0322580645161	-0.0537634408602	0.0175612342638	reinforcement learning	6
trm_4a3fd79d0a7bb	0.0322580645161	0.0537634408602	-0.0322580645161	-0.0537634408602	0.0175612342638	learning	6
trm_558c7b5228ed4	0.0322580645161	0.967741935484	-0.0322580645161	-0.967741935484	0.0166666666667	visual sentence recognition	3
trm_4a3fd79d0a30c	0.0322580645161	-0.0322580645161	-0.0322580645161	0.0322580645161	-0.233870967742	face recognition	5
trm_4a3fd79d0aab0	0.0215053763441	0.0215053763441	-0.0215053763441	-0.0215053763441	-0.0103505990134	object recognition	12
trm_557b491318742	0.0215053763441	0.0645161290323	-0.0215053763441	-0.0645161290323	-0.164052287582	oddball detection	8
trm_557b493133416	0.0215053763441	0.978494623656	-0.0215053763441	-0.978494623656	0.010989010989	place maintenance	2
trm_55c6f87595b39	0.0215053763441	0.978494623656	-0.0215053763441	-0.978494623656	0.010989010989	face maintenance	2
trm_558c7b337080f	0.0215053763441	0.978494623656	-0.0215053763441	-0.978494623656	0.010989010989	right hand response execution	2
trm_557b477b4a15f	0.0215053763441	0.978494623656	-0.0215053763441	-0.978494623656	0.010989010989	body maintenance	2
trm_558c7b707f606	0.0215053763441	0.978494623656	-0.0215053763441	-0.978494623656	0.010989010989	left hand response execution	2
trm_558c7ae1eaf86	0.0215053763441	0.978494623656	-0.0215053763441	-0.978494623656	0.010989010989	arithmetic processing	2
trm_557b4aeaeb744	0.0215053763441	0.978494623656	-0.0215053763441	-0.978494623656	0.010989010989	tool maintenance	2
trm_557b4af7cc1cb	0.0215053763441	0.978494623656	-0.0215053763441	-0.978494623656	0.010989010989	visual body recognition	2
trm_4a3fd79d0ab65	0.0215053763441	0.0	-0.0215053763441	0.0	0.755376344086	pattern recognition	4
trm_557b478ce1c24	0.0215053763441	0.978494623656	-0.0215053763441	-0.978494623656	0.010989010989	color recognition	2
trm_557b4b8cd05ca	0.0215053763441	0.978494623656	-0.0215053763441	-0.978494623656	0.010989010989	visual tool recognition	2
trm_557b4b652cbec	0.0215053763441	0.0	-0.0215053763441	0.0	0.755376344086	visual pattern recognition	4
trm_55ef3ba010121	0.0215053763441	0.978494623656	-0.0215053763441	-0.978494623656	0.010989010989	vocal response execution	2
trm_557b4a7315f1b	0.010752688172	-0.0215053763441	-0.010752688172	0.0215053763441	0.034112931642	response execution	48
trm_4a3fd79d0b4a9	0.010752688172	0.0322580645161	-0.010752688172	-0.0322580645161	-0.57711038961	visual object recognition	11
trm_55ce70b20186b	0.010752688172	0.0322580645161	-0.010752688172	-0.0322580645161	-0.00571187187775	detection	12
trm_55b6b98b88f45	0.010752688172	0.978494623656	0.0	-0.989247311828	0.00818203535595	tongue response execution	1
trm_557b4a913f8cc	0.010752688172	0.978494623656	0.0	-0.989247311828	0.00818203535595	risk processing	1
trm_557b4b27dfd5e	0.010752688172	0.978494623656	0.0	-0.989247311828	0.00818203535595	visual form discrimination	1
trm_557b4bb7cf05b	0.010752688172	0.978494623656	0.0	-0.989247311828	0.00818203535595	word maintenance	1
trm_55ef1fd2bc418	0.010752688172	0.978494623656	0.0	-0.989247311828	0.00818203535595	visual string recognition	1
trm_4c3e04d656f06	0.010752688172	0.978494623656	0.0	-0.989247311828	0.00818203535595	interference resolution	1
trm_55ef153d47bc0	0.010752688172	0.978494623656	0.0	-0.989247311828	0.00818203535595	confidence judgment	1
trm_4a3fd79d09af8	0.010752688172	0.978494623656	0.0	-0.989247311828	0.00818203535595	auditory word recognition	1
trm_558c7439832d9	0.010752688172	0.978494623656	0.0	-0.989247311828	0.00818203535595	visual letter recognition	1
trm_557b494ca540d	0.010752688172	0.978494623656	0.0	-0.989247311828	0.00818203535595	potential monetary loss	1
trm_558c7b14c076e	0.010752688172	0.0	-0.010752688172	0.0	0.752688172043	auditory sentence recognition	4
trm_557b48aeb7d58	0.010752688172	0.978494623656	0.0	-0.989247311828	0.00818203535595	motion detection	1
trm_55b6b92c1fd76	0.010752688172	0.978494623656	0.0	-0.989247311828	0.00818203535595	left finger response execution	1
trm_557b49ad14adf	0.010752688172	0.978494623656	0.0	-0.989247311828	0.00818203535595	response conflict	1
trm_557b4b56de455	0.010752688172	0.0752688172043	-0.010752688172	-0.0752688172043	0.011414991429	visual object detection	4
trm_557b4acdee820	0.010752688172	0.978494623656	0.0	-0.989247311828	0.00818203535595	string maintenance	1
trm_55c6f58e77fbe	0.010752688172	0.978494623656	0.0	-0.989247311828	0.00818203535595	story comprehension	1
trm_557b499fac085	0.010752688172	0.978494623656	0.0	-0.989247311828	0.00818203535595	resistance to distractor inference	1
trm_5678a999f1c19	0.010752688172	0.978494623656	0.0	-0.989247311828	0.00818203535595	numerical comparison	1
trm_555cfb890d721	0.010752688172	0.0	-0.010752688172	0.0	-0.247311827957	relational comparison	3
trm_557b49206928b	0.010752688172	0.978494623656	0.0	-0.989247311828	0.00818203535595	pattern maintenance	1
trm_559f0a5b4cd36	0.010752688172	0.978494623656	0.0	-0.989247311828	0.00818203535595	monetary reward prediction error	1
trm_557b495cdde57	0.010752688172	0.978494623656	0.0	-0.989247311828	0.00818203535595	potential monetary reward	1
trm_4a3fd79d0b043	0.010752688172	0.978494623656	0.0	-0.989247311828	0.00818203535595	selective attention	1
trm_55b6b952c1b4c	0.010752688172	0.978494623656	0.0	-0.989247311828	0.00818203535595	right toe response execution	1
trm_557b47abe9a34	0.010752688172	0.978494623656	0.0	-0.989247311828	0.00818203535595	decision certainty	1
trm_4a3fd79d0a908	0.010752688172	0.978494623656	0.0	-0.989247311828	0.00818203535595	mental representation	1
trm_557b48d40d3cf	0.010752688172	0.978494623656	0.0	-0.989247311828	0.00818203535595	negative emotion	1
trm_4a3fd79d0a775	0.010752688172	0.978494623656	0.0	-0.989247311828	0.00818203535595	language comprehension	1
trm_51a690a7492eb	0.010752688172	0.978494623656	0.0	-0.989247311828	0.00818203535595	emotion regulation	1
trm_558c73f3c8c6f	0.010752688172	0.978494623656	0.0	-0.989247311828	0.00818203535595	visual pseudoword recognition	1
trm_559f09a5cdca9	0.010752688172	0.978494623656	0.0	-0.989247311828	0.00818203535595	subjective food value	1
trm_557b4abe521af	0.010752688172	0.978494623656	0.0	-0.989247311828	0.00818203535595	spatial selective attention	1
trm_56798c5f25b0c	0.010752688172	0.978494623656	0.0	-0.989247311828	0.00818203535595	context representation	1
trm_55b6b96e77df6	0.010752688172	0.978494623656	0.0	-0.989247311828	0.00818203535595	left toe response execution	1
trm_4a3fd79d0b61f	0.010752688172	0.978494623656	0.0	-0.989247311828	0.00818203535595	decision	1
trm_55c298bbe56d5	0.010752688172	0.978494623656	0.0	-0.989247311828	0.00818203535595	high energy density food recognition	1
trm_557b471bc6cd8	0.010752688172	0.978494623656	0.0	-0.989247311828	0.00818203535595	animacy decision	1
trm_557b4b05ae470	0.010752688172	0.978494623656	0.0	-0.989247311828	0.00818203535595	visual color discrimination	1
trm_4a3fd79d0a1d1	0.010752688172	0.978494623656	0.0	-0.989247311828	0.00818203535595	emotional suppression	1
trm_557b4817db34d	0.010752688172	0.978494623656	0.0	-0.989247311828	0.00818203535595	economic value processing	1
trm_55ef273a77a86	0.010752688172	0.978494623656	0.0	-0.989247311828	0.00818203535595	auditory tone perception	1
trm_55ef687f48a9d	0.010752688172	0.0	-0.010752688172	0.0	0.752688172043	auditory recognition	5
trm_5159beaf80413	0.010752688172	0.978494623656	0.0	-0.989247311828	0.00818203535595	animacy perception	1
trm_4a3fd79d0a17f	0.010752688172	0.978494623656	0.0	-0.989247311828	0.00818203535595	emotion	1
trm_4ee8facd77dfc	0.010752688172	0.978494623656	0.0	-0.989247311828	0.00818203535595	self control	1
trm_4a3fd79d0a038	0.010752688172	-0.0430107526882	-0.010752688172	0.0430107526882	0.101643440829	decision making	18
trm_4a3fd79d0a20c	0.010752688172	-0.0430107526882	-0.010752688172	0.0430107526882	0.0337869745197	error detection	7
trm_557b4b47d994a	0.0	0.0	0.0	0.0	0	visual number recognition	3
trm_4a3fd79d0b1b2	0.0	0.0	0.0	0.0	0	spatial attention	2
trm_4a3fd79d09902	0.0	0.0	0.0	0.0	0	attention	2
trm_557b482a7c62b	0.0	0.010752688172	0.0	-0.010752688172	0.247311827957	emotional face recognition	3
trm_4a3fd79d0afcf	0.0	0.0	0.0	0.0	0	risk	2
trm_4a3fd79d09849	0.0	0.0	0.0	0.0	0	anticipation	3
trm_55b6b910b4b23	0.0	0.0	0.0	0.0	0	right finger response execution	3
trm_557b48a224b95	0.0	0.0	0.0	0.0	0	loss anticipation	3
trm_5534111a8bc96	0.0	0.0	0.0	0.0	0	punishment processing	2
trm_4a3fd79d0b665	0.0	0.010752688172	0.0	-0.010752688172	0.247311827957	emotion recognition	3
trm_557b4add1837e	0.0	0.0	0.0	0.0	0	task difficulty	3
trm_557b476527a27	0.0	0.0	0.0	0.0	0	auditory tone discrimination	3
trm_4a3fd79d0b967	0.0	-0.0430107526882	0.0	0.0430107526882	0.0471178692109	recognition	58
trm_4a3fd79d0a891	0.0	-0.0430107526882	0.0	0.0430107526882	0.0471178692109	memory	58
trm_4aae62e4ad209	0.0	0.0	0.0	0.0	0.0	cognitive control	27
trm_557b4904ee26d	0.0	0.0	0.0	0.0	0	object maintenance	3
trm_557b4b7e68727	0.0	0.0	0.0	0.0	0	visual place recognition	3
trm_4a3fd79d0b5a7	0.0	0.0	0.0	0.0	0	working memory	2
trm_557b4891e9265	0.0	-0.010752688172	0.0	0.010752688172	0.0166978776529	feature comparison	6
trm_55b6b9a666604	0.0	0.0	0.0	0.0	0	working memory updating	2
trm_557b493e4203a	0.0	-0.010752688172	0.0	0.010752688172	-0.247311827957	positive feedback processing	3
trm_557b4a81a4a17	0.0	0.0	0.0	0.0	0	reward anticipation	3
trm_559f0986182cc	0.0	0.0	0.0	0.0	0	visual object maintenance	2
trm_557b48f22ba99	0.0	0.010752688172	0.0	-0.010752688172	0.247311827957	numerical scale judgment	3
trm_4a3fd79d09d93	0.0	0.0	0.0	0.0	0	color perception	3
trm_558c736199abd	0.0	0.0	0.0	0.0	0	subjective value judgment	2
trm_567982752ff4a	0.0	0.0	0.0	0.0	0	decision under uncertainty	2
trm_4a3fd79d0b46f	0.0	0.0	0.0	0.0	0	visual attention	2
trm_4a3fd79d0aa76	0.0	0.0	0.0	0.0	0	object detection	3
trm_4a3fd79d0b64e	0.0	0.0	0.0	0.0	0	risk seeking	2
trm_4a3fd79d0a723	0.0	0.0	0.0	0.0	0	judgment	2
trm_557b4855a12b4	0.0	0.0	0.0	0.0	0	emotional self-evaluation	2
trm_5519b7525d7a2	0.0	0.0537634408602	0.0	-0.0537634408602	0.236559139785	discrimination	4
trm_557b48e337218	0.0	0.0215053763441	0.0	-0.0215053763441	-0.00537634408602	negative feedback processing	4
trm_557b4aa070c10	-0.010752688172	0.0215053763441	0.010752688172	-0.0215053763441	-0.758064516129	selective control	6
trm_4a3fd79d0af66	-0.0215053763441	-0.010752688172	0.0215053763441	0.010752688172	-0.627717391304	response inhibition	5
trm_4a3fd79d0a613	-0.0215053763441	-0.010752688172	0.0215053763441	0.010752688172	-0.627717391304	inhibition	5
trm_4a3fd79d0a33b	-0.0322580645161	0.118279569892	0.0322580645161	-0.118279569892	-0.0930099312452	feedback processing	7
trm_4a3fd79d0b89e	-0.0322580645161	0.0	0.0322580645161	0.0	-0.695652173913	sentence processing	7
trm_568427366401c	-0.0322580645161	0.0	0.0322580645161	0.0	-0.695652173913	sentence recognition 	7
trm_557b4b7176394	-0.0322580645161	-0.0537634408602	0.0322580645161	0.0537634408602	0.0518863404038	visual recognition	52
trm_4a3fd79d0af71	-0.0322580645161	-0.0752688172043	0.0322580645161	0.0752688172043	0.095668524101	response selection	45
trm_4a3fd79d0b802	-0.0322580645161	0.0	0.0322580645161	0.0	-0.695652173913	language processing	7
trm_4a3fd79d0b392	-0.0430107526882	-0.0215053763441	0.0430107526882	0.0215053763441	-0.630494505495	theory of mind	6
trm_557b49851e991	-0.0430107526882	0.10752688172	0.0430107526882	-0.10752688172	-0.41652556957	proactive control	10
trm_4a3fd79d0b13d	-0.0430107526882	-0.0215053763441	0.0430107526882	0.0215053763441	-0.630494505495	social cognition	6
trm_557b474e2b578	-0.0430107526882	0.0215053763441	0.0430107526882	-0.0215053763441	-0.516129032258	auditory tone detection	6
trm_4a3fd79d0b4b5	-0.0645161290323	-0.0430107526882	0.0645161290323	0.0430107526882	0.0206407098648	visual perception	56
trm_4a3fd79d09ab2	-0.0645161290323	0.161290322581	0.0645161290323	-0.161290322581	-0.233635808636	auditory perception	10
trm_4a3fd79d09c28	-0.0752688172043	0.0860215053763	0.0752688172043	-0.0860215053763	-0.540322580645	categorization	8
trm_5519b80525e89	-0.0752688172043	-0.0537634408602	0.0752688172043	0.0537634408602	-0.57711038961	stimulus detection	9
trm_4a3fd79d0ab7c	-0.139784946237	-0.0322580645161	0.139784946237	0.0322580645161	-0.0172952047952	perception	62
